工程採購數量計算表,,,,,,,,,,,,,,,,,,,,,,,,,
物流中心,,,,,,,,,,,,,,,,,,,,,,,,,
輕隔間數量計算表 (全棟合併),,,,,,,,,,,,,,,,,,,,,,,,,
樓別名稱,,輕隔間牆,,,,,,門開口、窗開口,,,,,,,輕隔間牆面積,,,,,,,,,,
編號,空間名稱,空間周長,輕隔間牆類型,牆長,牆高,面積,小計,名稱,數量,長,高,面積,小計,總計,Type-A 雙面輕隔間,Type-A2 雙面輕隔間,Type-B 濕式輕隔間,Type-B 濕式輕隔間-襯板,Type-C 單面輕隔間,Type-D 矽酸鈣板(單面封板),Type-E 複壁,Type-E 纖維水泥板(單面)-10cm,Type-F 岩棉庫板,Type-F 岩棉庫板(柱封版),Type-G 矽酸鈣板(單板)
BS101,甲貨梯機坑,42.31,,,,,,,,,,,,,,,,,,,,,,,
BS102,廢水坑D,41.00,,,,,,,,,,,,,,,,,,,,,,,
BS103,丙客梯機坑,9.80,,,,,,,,,,,,,,,,,,,,,,,
BS104,丁客梯機坑,9.80,,,,,,,,,,,,,,,,,,,,,,,
BS105,廢水坑C,39.50,,,,,,,,,,,,,,,,,,,,,,,
BS106,廢水坑A,31.00,,,,,,,,,,,,,,,,,,,,,,,
BS107,廢水坑B,31.00,,,,,,,,,,,,,,,,,,,,,,,
BS108,廢水坑E,31.00,,,,,,,,,,,,,,,,,,,,,,,
BS109,廢水坑F,31.00,,,,,,,,,,,,,,,,,,,,,,,
B101,排風機房,37.89,Type-E 複壁,=14.58+3.12,4.41,=E15*F15,=G15,,,,,,,=H15,,,,,,,=O15,,,,
B102,消防機房,111.25,,,,,,,,,,,,,,,,,,,,,,,
B103,水箱機房,74.90,Type-E 複壁,=115.73,4.29,=E17*F17,=G17,,,,,,,=H17,,,,,,,=O17,,,,
B104,電氣室,17.55,,,,,,,,,,,,,,,,,,,,,,,
B105,排風機房,59.55,,,,,,,,,,,,,,,,,,,,,,,
B106,甲貨梯,24.50,,,,,,,,,,,,,,,,,,,,,,,
B107,梯廳,49.80,,,,,,,,,,,,,,,,,,,,,,,
B108,甲安全梯,21.00,,,,,,,,,,,,,,,,,,,,,,,
B109,乙昇降機,24.50,,,,,,,,,,,,,,,,,,,,,,,
B110,梯廳,49.80,,,,,,,,,,,,,,,,,,,,,,,
B111,乙安全梯,21.00,,,,,,,,,,,,,,,,,,,,,,,
B112,排氣機房,40.60,,,,,,,,,,,,,,,,,,,,,,,
B113,通廊,21.06,,,,,,,,,,,,,,,,,,,,,,,
B114,丁安全梯,20.30,,,,,,,,,,,,,,,,,,,,,,,
B115,戊安全梯,20.30,,,,,,,,,,,,,,,,,,,,,,,
B116,進風機房,42.00,,,,,,,,,,,,,,,,,,,,,,,
B117,儲藏室,36.29,Type-E 複壁,=2.80,2.50,=E31*F31,=G31,,,,,,,=H31,,,,,,,=O31,,,,
B118,員工飯廳,89.35,Type-E 複壁,=23.93+20.29,5.34,=E32*F32,=G32,,,,,,,=H32,,,,,,,=O32,,,,
B119,垃圾間,24.89,Type-E 複壁,=9.19,4.90,=E33*F33,=G33,,,,,,,=H33,,,,,,,=O33,,,,
B120,清潔/加熱區,39.21,Type-E 複壁,=5.88,5.10,=E34*F34,=G34,,,,,,,=H34,,,,,,,=O34,,,,
B121,無障礙廁所,9.12,,,,,,,,,,,,,,,,,,,,,,,
B122,哺乳室,11.43,Type-E 複壁,=1.17,5.13,=E36*F36,=G36,,,,,,,=H36,,,,,,,=O36,,,,
B123,男廁,23.06,,,,,,,,,,,,,,,,,,,,,,,
B124,管道間,7.55,,,,,,,,,,,,,,,,,,,,,,,
B125,女廁,26.17,Type-E 複壁,=3.32+2.66,5.02,=E39*F39,=G39,,,,,,,=H39,,,,,,,=O39,,,,
B126,員工販賣部,54.12,Type-E 複壁,=10.80+5.88,5.52,=E40*F40,=G40,,,,,,,=H40,,,,,,,=O40,,,,
B127,丙無障礙客梯,15.55,,,,,,,,,,,,,,,,,,,,,,,
B128,丁無障礙客梯,15.05,,,,,,,,,,,,,,,,,,,,,,,
B129,梯廳,25.90,,,,,,,,,,,,,,,,,,,,,,,
B130,管道間,9.30,,,,,,,,,,,,,,,,,,,,,,,
B131,丙無障礙安全梯,23.60,,,,,,,,,,,,,,,,,,,,,,,
B132,停車場空間暨防空避難室,733.18,Type-E 複壁,=61.50+38.40+0.30+0.95+237.68,5.37,=E46*F46,=G46,,,,,,,=H46,,,,,,,=O46,,,,
B133,AS/RS維修區,263.83,Type-F 岩棉庫板,=53.85,3.99,=E47*F47,=G47,D20-200x250 cm,1,2.00,2.50,=J47*K47*L47,=M47,=H47-N47-N48,,,,,,,,,=O47,,
,,,,,,,,SD3-314x300 cm,2,3.14,3.00,=J48*K48*L48,=M48,,,,,,,,,,,,
B134,電信室,25.25,,,,,,,,,,,,,,,,,,,,,,,
B135,車道,245.42,,,,,,,,,,,,,,,,,,,,,,,
F101,排風管道間,18.89,Type-F 岩棉庫板,=7.93,4.41,=E51*F51,=G51,,,,,,,=H51,,,,,,,,,=O51,,
F102,AS/RS作業區,197.87,Type-E 複壁,=17.48,4.92,=E52*F52,=G52,,,,,,,=H52,,,,,,,=O52,,,,
F102,AS/RS作業區,197.87,Type-F 岩棉庫板,=11.01+6.13+53.45+5.30+47.95,9.75,=E53*F53,=G53,SD5-1000x300 cm,1,10.00,3.00,=J53*K53*L53,=M53,=H53-N53-N54-N55-N56,,,,,,,,,=O53,,
,,,,,,,,SD4-400x280 cm,6,4.00,2.80,=J54*K54*L54,=M54,,,,,,,,,,,,
,,,,,,,,SD6-200x280 cm,2,2.00,2.80,=J55*K55*L55,=M55,,,,,,,,,,,,
,,,,,,,,D6-120x220 cm,2,1.20,2.20,=J56*K56*L56,=M56,,,,,,,,,,,,
F103,管道間,5.42,Type-C 單面輕隔間,=1.38+1.45+1.38,9.74,=E57*F57,=G57,,,,,,,=H57,,,,,=O57,,,,,,
F104,排風管道間,9.14,Type-C 單面輕隔間,=2.13+2.48,8.18,=E58*F58,=G58,D1-60x120 cm,1,0.60,1.20,=J58*K58*L58,=M58,=H58-N58,,,,,=O58,,,,,,
F105,甲貨梯,23.60,Type-C 單面輕隔間,=5.95+5.92+5.85+5.95,9.42,=E59*F59,=G59,,,,,,,=H59,,,,,=O59,,,,,,
F106,甲安全梯,20.80,Type-A 雙面輕隔間,=3.00+6.30+6.38+4.10,9.64,=E60*F60,=G60,D7-180x220 cm,1,1.80,2.20,=J60*K60*L60,=M60,=H60-N60-N61,=O60,,,,,,,,,,
,,,,,,,,D6-120x220 cm,1,1.20,2.20,=J61*K61*L61,=M61,,,,,,,,,,,,
F106,甲安全梯,20.80,Type-D 矽酸鈣板(單面封板),=0.40+0.40+0.40+0.51,8.19,=E62*F62,=G62,,,,,,,=H62,,,,,,=O62,,,,,
F107,管道間,9.55,Type-C 單面輕隔間,=4.10+0.75+4.18+0.68,9.75,=E63*F63,=G63,D1-60x120 cm,1,0.60,1.20,=J63*K63*L63,=M63,=H63-N63,,,,,=O63,,,,,,
F108,理貨區,334.97,Type-F 岩棉庫板,=12.00+37.50+50.40,9.63,=E64*F64,=G64,SD4-400x280 cm,4,4.00,2.80,=J64*K64*L64,=M64,=H64-N64-N65-N66,,,,,,,,,=O64,,
,,,,,,,,SD5-1000x300 cm,3,10.00,3.00,=J65*K65*L65,=M65,,,,,,,,,,,,
,,,,,,,,D6-120x220 cm,2,1.20,2.20,=J66*K66*L66,=M66,,,,,,,,,,,,
F109,乙貨梯,25.80,Type-C 單面輕隔間,=5.85+7.05+7.05+5.85,9.46,=E67*F67,=G67,,,,,,,=H67,,,,,=O67,,,,,,
F110,梯廳,37.45,Type-A 雙面輕隔間,=3.00,9.32,=E68*F68,=G68,D7-180x220 cm,1,1.80,2.20,=J68*K68*L68,=M68,=H68-N68,=O68,,,,,,,,,,
F110,梯廳,37.45,Type-F 岩棉庫板,=5.28+5.30,9.48,=E69*F69,=G69,D6-120x220 cm,2,1.20,2.20,=J69*K69*L69,=M69,=H69-N69,,,,,,,,,=O69,,
F111,管道間,9.72,Type-C 單面輕隔間,=4.10+4.10+0.76+0.76,9.74,=E70*F70,=G70,D1-60x120 cm,1,0.60,1.20,=J70*K70*L70,=M70,=H70-N70,,,,,=O70,,,,,,
F111,管道間,9.72,Type-D 矽酸鈣板(單面封板),=0.50,6.00,=E71*F71,=G71,,,,,,,=H71,,,,,,=O71,,,,,
F112,乙安全梯,20.78,Type-A 雙面輕隔間,=6.29+4.10+6.29,9.63,=E72*F72,=G72,D6-120x220 cm,1,1.20,2.20,=J72*K72*L72,=M72,=H72-N72,=O72,,,,,,,,,,
F112,乙安全梯,20.78,Type-D 矽酸鈣板(單面封板),=0.40+0.40+0.40,8.33,=E73*F73,=G73,,,,,,,=H73,,,,,,=O73,,,,,
F113,管道間,2.80,,,,,,,,,,,,,,,,,,,,,,,
F114,公共廁所,21.64,Type-B 濕式輕隔間-襯板,=1.76+2.56,2.08,=E75*F75,=G75,,,,,,,=H75,,,,=O75,,,,,,,
F115,排風管道間,13.07,Type-C 單面輕隔間,=3.76,3.19,=E76*F76,=G76,,,,,,,=H76,,,,,=O76,,,,,,
F116,庫存鋼架區,186.50,Type-F 岩棉庫板,=36.00+8.30+35.48,9.34,=E77*F77,=G77,SD4-400x280 cm,6,4.00,2.80,=J77*K77*L77,=M77,=H77-N77-N78,,,,,,,,,=O77,,
,,,,,,,,D6-120x220 cm,3,1.20,2.20,=J78*K78*L78,=M78,,,,,,,,,,,,
F117,丁安全梯,20.62,Type-A 雙面輕隔間,=4.10+4.10+6.21,9.90,=E79*F79,=G79,D6-120x220 cm,1,1.20,2.20,=J79*K79*L79,=M79,=H79-N79,=O79,,,,,,,,,,
F117,丁安全梯,20.62,Type-C 單面輕隔間,=1.08+0.43+0.49+0.43,9.05,=E80*F80,=G80,,,,,,,=H80,,,,,=O80,,,,,,
F118,弱電室,18.11,Type-A 雙面輕隔間,=6.21+5.31+2.93+2.93,9.55,=E81*F81,=G81,D4-90x220 cm,1,0.90,2.20,=J81*K81*L81,=M81,=H81-N81,=O81,,,,,,,,,,
F119,電氣室,24.12,Type-A 雙面輕隔間,=5.85+6.21+3.80,9.64,=E82*F82,=G82,D3-180x220 cm,1,1.80,2.20,=J82*K82*L82,=M82,=H82-N82,=O82,,,,,,,,,,
F120,管道間,5.90,Type-C 單面輕隔間,=2.05+0.90+2.05+0.90,9.78,=E83*F83,=G83,D1-60x120 cm,1,0.60,1.20,=J83*K83*L83,=M83,=H83-N83,,,,,=O83,,,,,,
F121,庫存鋼架區,236.20,Type-F 岩棉庫板,=8.30+48.00+6.27+8.30,9.34,=E84*F84,=G84,D6-120x220 cm,3,1.20,2.20,=J84*K84*L84,=M84,=H84-N84-N85,,,,,,,,,=O84,,
,,,,,,,,SD4-400x280 cm,4,4.00,2.80,=J85*K85*L85,=M85,,,,,,,,,,,,
F122,庫存鋼架區,215.25,Type-E 複壁,=236.35,4.90,=E86*F86,=G86,,,,,,,=H86,,,,,,,=O86,,,,
F122,庫存鋼架區,215.25,Type-F 岩棉庫板,=47.95,9.64,=E87*F87,=G87,SD4-400x280 cm,4,4.00,2.80,=J87*K87*L87,=M87,=H87-N87-N88,,,,,,,,,=O87,,
,,,,,,,,D6-120x220 cm,2,1.20,2.20,=J88*K88*L88,=M88,,,,,,,,,,,,
F123,戊安全梯,20.72,Type-A 雙面輕隔間,=6.26+4.10+6.90+6.26,9.76,=E89*F89,=G89,D6-120x220 cm,1,1.20,2.20,=J89*K89*L89,=M89,=H89-N89-N90,=O89,,,,,,,,,,
,,,,,,,,D3-180x220 cm,1,1.80,2.20,=J90*K90*L90,=M90,,,,,,,,,,,,
F123,戊安全梯,20.72,Type-D 矽酸鈣板(單面封板),=0.43+0.54+0.43+1.08,8.47,=E91*F91,=G91,,,,,,,=H91,,,,,,=O91,,,,,
F124,弱電室,18.42,Type-A 雙面輕隔間,=2.95+6.26+2.95+5.29,9.74,=E92*F92,=G92,D4-90x220 cm,1,0.90,2.20,=J92*K92*L92,=M92,=H92-N92,=O92,,,,,,,,,,
F125,電氣室,22.42,Type-A 雙面輕隔間,=4.88,9.43,=E93*F93,=G93,,,,,,,=H93,=O93,,,,,,,,,,
F125,電氣室,22.42,Type-F 岩棉庫板(柱封版),=0.43+0.43+0.43+0.43,8.14,=E94*F94,=G94,,,,,,,=H94,,,,,,,,,,=O94,
F126,管道間,6.10,Type-C 單面輕隔間,=0.98+2.15+2.30+0.90,9.43,=E95*F95,=G95,D1-60x120 cm,1,0.60,1.20,=J95*K95*L95,=M95,=H95-N95,,,,,=O95,,,,,,
F127,庫存鋼架區,234.30,Type-F 岩棉庫板,=6.22+59.95+35.48+8.30+8.30,9.26,=E96*F96,=G96,SD4-400x280 cm,8,4.00,2.80,=J96*K96*L96,=M96,=H96-N96-N97,,,,,,,,,=O96,,
,,,,,,,,D6-120x220 cm,5,1.20,2.20,=J97*K97*L97,=M97,,,,,,,,,,,,
F128,排風管道間,14.65,Type-C 單面輕隔間,=4.43+2.90+4.50,7.67,=E98*F98,=G98,D1-60x120 cm,1,0.60,1.20,=J98*K98*L98,=M98,=H98-N98,,,,,=O98,,,,,,
F129,管道間,6.70,Type-C 單面輕隔間,=2.90+2.90+0.53+0.45,9.14,=E99*F99,=G99,,,,,,,=H99,,,,,=O99,,,,,,
F130,庫存鋼架區,268.02,Type-E 複壁,=33.25,4.87,=E100*F100,=G100,,,,,,,=H100,,,,,,,=O100,,,,
F130,庫存鋼架區,268.02,Type-F 岩棉庫板,=11.10+17.05+16.30,10.60,=E101*F101,=G101,,,,,,,=H101,,,,,,,,,=O101,,
F131,資訊機房,24.15,Type-A 雙面輕隔間,=7.93+7.23+4.85,6.39,=E102*F102,=G102,D18-90x210cm,1,0.90,2.10,=J102*K102*L102,=M102,=H102-N102,=O102,,,,,,,,,,
F132,印表室,23.75,Type-A 雙面輕隔間,=7.23+4.65,4.54,=E103*F103,=G103,D9-90x210 cm,1,0.90,2.10,=J103*K103*L103,=M103,=H103-N103,=O103,,,,,,,,,,
F133,資訊機房,21.95,Type-A 雙面輕隔間,=7.23+3.75,4.63,=E104*F104,=G104,D18-90x210cm,1,0.90,2.10,=J104*K104*L104,=M104,=H104-N104,=O104,,,,,,,,,,
F134,會議室,21.64,Type-A 雙面輕隔間,=7.23+3.60,4.61,=E105*F105,=G105,D16-90x210 cm,1,0.90,2.10,=J105*K105*L105,=M105,=H105-N105,=O105,,,,,,,,,,
F135,會議室,21.05,Type-A 雙面輕隔間,=3.82,4.68,=E106*F106,=G106,D16-90x210 cm,1,0.90,2.10,=J106*K106*L106,=M106,=H106-N106,=O106,,,,,,,,,,
F135,會議室,21.05,Type-G 矽酸鈣板(單板),=7.32,4.64,=E107*F107,=G107,,,,,,,=H107,,,,,,,,,,,=O107
F136,捷盟辦公室,50.70,Type-A 雙面輕隔間,=15.85+9.50,7.88,=E108*F108,=G108,D17-180x210 cm,1,1.80,2.10,=J108*K108*L108,=M108,=H108-N108,=O108,,,,,,,,,,
F137,家樂福辦公室,55.78,Type-A 雙面輕隔間,=15.85+5.55,4.90,=E109*F109,=G109,D17-180x210 cm,1,1.80,2.10,=J109*K109*L109,=M109,=H109-N109,=O109,,,,,,,,,,
F137,家樂福辦公室,55.78,Type-G 矽酸鈣板(單板),=2.84+6.13+0.91+0.85+0.85+0.88+0.85,5.18,=E110*F110,=G110,,,,,,,=H110,,,,,,,,,,,=O110
F138,醫護室,16.25,Type-A 雙面輕隔間,=5.10+5.10+3.03+3.10,4.95,=E111*F111,=G111,D9-90x210 cm,1,0.90,2.10,=J111*K111*L111,=M111,=H111-N111,=O111,,,,,,,,,,
F139,哺乳室,15.77,Type-A 雙面輕隔間,=2.86+2.79,4.94,=E112*F112,=G112,D9-90x210 cm,1,0.90,2.10,=J112*K112*L112,=M112,=H112-N112,=O112,,,,,,,,,,
F139,哺乳室,15.77,Type-G 矽酸鈣板(單板),=7.34,5.18,=E113*F113,=G113,,,,,,,=H113,,,,,,,,,,,=O113
F140,走廊,108.56,Type-A 雙面輕隔間,=4.43+2.65+5.10+3.44,5.94,=E114*F114,=G114,D17-180x210 cm,1,1.80,2.10,=J114*K114*L114,=M114,=H114-N114-N115,=O114,,,,,,,,,,
,,,,,,,,D3-180x220 cm,1,1.80,2.20,=J115*K115*L115,=M115,,,,,,,,,,,,
F140,走廊,108.56,Type-B 濕式輕隔間,=3.03,4.95,=E116*F116,=G116,,,,,,,=H116,,,=O116,,,,,,,,
F140,走廊,108.56,Type-C 單面輕隔間,=1.35+1.35+3.70,5.00,=E117*F117,=G117,,,,,,,=H117,,,,,=O117,,,,,,
F140,走廊,108.56,Type-F 岩棉庫板,=4.22,9.39,=E118*F118,=G118,D6-120x220 cm,1,1.20,2.20,=J118*K118*L118,=M118,=H118-N118,,,,,,,,,=O118,,
F140,走廊,108.56,Type-G 矽酸鈣板(單板),=5.75+1.11+1.10,5.15,=E119*F119,=G119,,,,,,,=H119,,,,,,,,,,,=O119
F141,男廁,22.98,Type-B 濕式輕隔間,=2.57+0.84+1.49+4.55+5.79+2.88,7.33,=E120*F120,=G120,D12-100x210 cm,1,0.90,2.10,=J120*K120*L120,=M120,=H120-N120,,,=O120,,,,,,,,
F142,空調管道間,3.86,Type-C 單面輕隔間,=1.33+0.60+1.42+0.60,4.99,=E121*F121,=G121,D1-60x120 cm,1,0.60,1.20,=J121*K121*L121,=M121,=H121-N121,,,,,=O121,,,,,,
F143,電氣室,0.00,Type-A 雙面輕隔間,=1.26+1.86,5.12,=E122*F122,=G122,D4-90x220 cm,1,0.90,2.20,=J122*K122*L122,=M122,=H122-N122,=O122,,,,,,,,,,
F143,電氣室,0.00,Type-B 濕式輕隔間,=5.71,4.90,=E123*F123,=G123,,,,,,,=H123,,,=O123,,,,,,,,
F144,管道間,10.54,Type-C 單面輕隔間,=1.86,4.69,=E124*F124,=G124,D1-60x120 cm,1,0.60,1.20,=J124*K124*L124,=M124,=H124-N124,,,,,=O124,,,,,,
F145,無障礙廁所,9.08,Type-B 濕式輕隔間,=2.31+1.64+2.70+2.20,5.10,=E125*F125,=G125,D14-110x210 cm,1,1.00,2.10,=J125*K125*L125,=M125,=H125-N125,,,=O125,,,,,,,,
F146,女廁,25.10,Type-B 濕式輕隔間,=1.52+1.52+5.71+4.35,4.27,=E126*F126,=G126,,,,,,,=H126,,,=O126,,,,,,,,
F147,茶水間,31.02,Type-B 濕式輕隔間,=6.03+9.70,4.89,=E127*F127,=G127,D18-90x210cm,1,0.90,2.10,=J127*K127*L127,=M127,=H127-N127,,,=O127,,,,,,,,
F147,茶水間,31.02,Type-G 矽酸鈣板(單板),=5.99+0.91+0.85,5.16,=E128*F128,=G128,,,,,,,=H128,,,,,,,,,,,=O128
F148,垃圾回收間,11.18,Type-A 雙面輕隔間,=2.79,5.02,=E129*F129,=G129,,,,,,,=H129,=O129,,,,,,,,,,
F148,垃圾回收間,11.18,Type-B 濕式輕隔間,=2.93+2.80,4.87,=E130*F130,=G130,D18-90x210cm,1,0.90,2.10,=J130*K130*L130,=M130,=H130-N130,,,=O130,,,,,,,,
F149,會客室,12.18,Type-A 雙面輕隔間,=3.38,4.70,=E131*F131,=G131,D16-90x210 cm,1,0.90,2.10,=J131*K131*L131,=M131,=H131-N131,=O131,,,,,,,,,,
F149,會客室,12.18,Type-G 矽酸鈣板(單板),=11.09,5.14,=E132*F132,=G132,,,,,,,=H132,,,,,,,,,,,=O132
F150,會客室,11.92,Type-A 雙面輕隔間,=2.79+3.18,4.67,=E133*F133,=G133,D16-90x210 cm,1,0.90,2.10,=J133*K133*L133,=M133,=H133-N133,=O133,,,,,,,,,,
F151,收發室,11.25,Type-A 雙面輕隔間,=2.98+2.79,4.83,=E134*F134,=G134,D9-90x210 cm,1,0.90,2.10,=J134*K134*L134,=M134,=H134-N134,=O134,,,,,,,,,,
F151,收發室,11.25,Type-G 矽酸鈣板(單板),=1.94+1.10+0.85,5.14,=E135*F135,=G135,,,,,,,=H135,,,,,,,,,,,=O135
F152,丙無障礙安全梯,19.92,Type-A 雙面輕隔間,=0.98,10.20,=E136*F136,=G136,,,,,,,=H136,=O136,,,,,,,,,,
F152,丙無障礙安全梯,19.92,Type-D 矽酸鈣板(單面封板),=1.28,3.91,=E137*F137,=G137,,,,,,,=H137,,,,,,=O137,,,,,
F152,丙無障礙安全梯,19.92,Type-F 岩棉庫板,=6.60,5.15,=E138*F138,=G138,,,,,,,=H138,,,,,,,,,=O138,,
F152,丙無障礙安全梯,19.92,Type-F 岩棉庫板(柱封版),=0.40+3.18+0.45,4.71,=E139*F139,=G139,,,,,,,=H139,,,,,,,,,,=O139,
F153,管道間,7.25,Type-C 單面輕隔間,=3.15+3.23+0.48+0.55,9.41,=E140*F140,=G140,D1-60x120 cm,1,0.60,1.20,=J140*K140*L140,=M140,=H140-N140,,,,,=O140,,,,,,
F153,管道間,7.25,Type-F 岩棉庫板(柱封版),=0.40+0.40,3.75,=E141*F141,=G141,,,,,,,=H141,,,,,,,,,,=O141,
F154,梯廳,25.42,Type-A 雙面輕隔間,=5.00+7.65+5.08,6.29,=E142*F142,=G142,D7-180x220 cm,2,1.80,2.20,=J142*K142*L142,=M142,=H142-N142-N143,=O142,,,,,,,,,,
,,,,,,,,D6-120x220 cm,1,1.20,2.20,=J143*K143*L143,=M143,,,,,,,,,,,,
F155,丙無障礙客梯,16.05,Type-B 濕式輕隔間,=3.00,4.67,=E144*F144,=G144,,,,,,,=H144,,,=O144,,,,,,,,
F155,丙無障礙客梯,16.05,Type-D 矽酸鈣板(單面封板),=3.05,4.26,=E145*F145,=G145,,,,,,,=H145,,,,,,=O145,,,,,
F156,丁無障礙客梯,14.16,Type-C 單面輕隔間,=1.86,4.30,=E146*F146,=G146,,,,,,,=H146,,,,,=O146,,,,,,
F156,丁無障礙客梯,14.16,Type-D 矽酸鈣板(單面封板),=3.70+3.53,6.92,=E147*F147,=G147,,,,,,,=H147,,,,,,=O147,,,,,
F157,理貨區,208.09,Type-F 岩棉庫板,=71.05,9.63,=E148*F148,=G148,SD5-1000x300 cm,6,10.00,3.00,=J148*K148*L148,=M148,=H148-N148,,,,,,,,,=O148,,
F158,理貨區,163.79,Type-F 岩棉庫板,=36.00,9.67,=E149*F149,=G149,SD5-1000x300 cm,3,10.00,3.00,=J149*K149*L149,=M149,=H149-N149,,,,,,,,,=O149,,
F159,AS/RS,270.41,,,,,,,,,,,,,,,,,,,,,,,
F201,管道間,8.05,Type-A 雙面輕隔間,=4.43,4.74,=E151*F151,=G151,,,,,,,=H151,=O151,,,,,,,,,,
F201,管道間,8.05,Type-F 岩棉庫板(柱封版),=3.18,4.40,=E152*F152,=G152,,,,,,,=H152,,,,,,,,,,=O152,
F202,丙無障礙客梯,16.05,Type-B 濕式輕隔間,=3.00,4.33,=E153*F153,=G153,,,,,,,=H153,,,=O153,,,,,,,,
F202,丙無障礙客梯,16.05,Type-C 單面輕隔間,=1.35+1.35+3.70,4.38,=E154*F154,=G154,,,,,,,=H154,,,,,=O154,,,,,,
F203,管道間,7.40,Type-C 單面輕隔間,=0.63,4.76,=E155*F155,=G155,,,,,,,=H155,,,,,=O155,,,,,,
F204,甲貨梯,23.60,,,,,,,,,,,,,,,,,,,,,,,
F205,甲安全梯,20.80,,,,,,,,,,,,,,,,,,,,,,,
F206,丁安全梯,20.62,,,,,,,,,,,,,,,,,,,,,,,
F207,乙貨梯,25.80,,,,,,,,,,,,,,,,,,,,,,,
F208,管道間,4.67,Type-C 單面輕隔間,=1.79+1.86,4.31,=E160*F160,=G160,D1-60x120 cm,1,0.60,1.20,=J160*K160*L160,=M160,=H160-N160,,,,,=O160,,,,,,
F209,管道間,3.86,Type-C 單面輕隔間,=1.33+0.60+0.60+1.33,4.66,=E161*F161,=G161,,,,,,,=H161,,,,,=O161,,,,,,
F210,梯廳,25.69,Type-A 雙面輕隔間,=5.15,4.26,=E162*F162,=G162,D7-180x220 cm,1,1.80,2.20,=J162*K162*L162,=M162,=H162-N162,=O162,,,,,,,,,,
F210,梯廳,25.69,Type-D 矽酸鈣板(單面封板),=6.50,3.54,=E163*F163,=G163,,,,,,,=H163,,,,,,=O163,,,,,
F211,辦公區,139.21,Type-D 矽酸鈣板(單面封板),=9.57+35.46+18.54,4.48,=E164*F164,=G164,,,,,,,=H164,,,,,,=O164,,,,,
F211,辦公區,139.21,Type-E 複壁,=24.93,4.69,=E165*F165,=G165,,,,,,,=H165,,,,,,,=O165,,,,
F211,辦公區,139.21,Type-G 矽酸鈣板(單板),=7.40,4.73,=E166*F166,=G166,,,,,,,=H166,,,,,,,,,,,=O166
F212,女廁,25.10,Type-B 濕式輕隔間,=1.52+1.52+4.35,3.65,=E167*F167,=G167,,,,,,,=H167,,,=O167,,,,,,,,
F213,無障礙廁所,9.08,Type-B 濕式輕隔間,=5.11+2.20,4.38,=E168*F168,=G168,D12-100x210 cm,1,0.90,2.10,=J168*K168*L168,=M168,=H168-N168-N169,,,=O168,,,,,,,,
,,,,,,,,D14-110x210 cm,1,1.00,2.10,=J169*K169*L169,=M169,,,,,,,,,,,,
F214,男廁,22.98,Type-B 濕式輕隔間,=0.84+1.49+2.66,3.41,=E170*F170,=G170,,,,,,,=H170,,,=O170,,,,,,,,
F215,電氣室,10.54,Type-A 雙面輕隔間,=1.86+1.26,4.48,=E171*F171,=G171,D4-90x220 cm,1,0.90,2.20,=J171*K171*L171,=M171,=H171-N171,=O171,,,,,,,,,,
F215,電氣室,10.54,Type-B 濕式輕隔間,=5.71+2.70,4.51,=E172*F172,=G172,D12-100x210 cm,1,0.90,2.10,=J172*K172*L172,=M172,=H172-N172,,,=O172,,,,,,,,
F216,戊安全梯,20.72,,,,,,,,,,,,,,,,,,,,,,,
F217,管道間,9.55,,,,,,,,,,,,,,,,,,,,,,,
F218,乙安全梯,20.78,,,,,,,,,,,,,,,,,,,,,,,
F219,丙無障礙安全梯,19.85,Type-A 雙面輕隔間,=7.65,4.63,=E176*F176,=G176,D5-120x200 cm,1,1.20,2.00,=J176*K176*L176,=M176,=H176-N176,=O176,,,,,,,,,,
F219,丙無障礙安全梯,19.85,Type-F 岩棉庫板,=6.53,4.59,=E177*F177,=G177,,,,,,,=H177,,,,,,,,,=O177,,
F219,丙無障礙安全梯,19.85,Type-F 岩棉庫板(柱封版),=0.40+0.40+0.45+0.40,3.64,=E178*F178,=G178,,,,,,,=H178,,,,,,,,,,=O178,
F220,管道間,9.72,,,,,,,,,,,,,,,,,,,,,,,
F221,管道間,5.42,,,,,,,,,,,,,,,,,,,,,,,
F222,排風管道間,9.14,Type-E 複壁,=17.48,4.41,=E181*F181,=G181,,,,,,,=H181,,,,,,,=O181,,,,
F223,管道間,5.90,,,,,,,,,,,,,,,,,,,,,,,
F224,管道間,6.10,Type-E 複壁,=236.35,1.75,=E183*F183,=G183,,,,,,,=H183,,,,,,,=O183,,,,
F225,管道間,6.70,Type-E 複壁,=33.25,3.79,=E184*F184,=G184,,,,,,,=H184,,,,,,,=O184,,,,
F226,排風管道間,14.65,,,,,,,,,,,,,,,,,,,,,,,
F227,茶水間,16.72,Type-B 濕式輕隔間,=2.65+5.71+2.65+5.71,4.34,=E186*F186,=G186,120x220 cm,1,1.20,2.20,=J186*K186*L186,=M186,=H186-N186,,,=O186,,,,,,,,
F228,丁無障礙客梯,14.16,Type-B 濕式輕隔間,=1.72,4.65,=E187*F187,=G187,,,,,,,=H187,,,=O187,,,,,,,,
F301,員工休息室,116.19,Type-A 雙面輕隔間,=3.45+2.15+3.38+4.40,5.12,=E188*F188,=G188,D16-90x210 cm,2,0.90,2.10,=J188*K188*L188,=M188,=H188-N188-N189-N190,=O188,,,,,,,,,,
,,,,,,,,D17-180x210 cm,1,1.80,2.10,=J189*K189*L189,=M189,,,,,,,,,,,,
,,,,,,,,D3-180x220 cm,1,1.80,2.20,=J190*K190*L190,=M190,,,,,,,,,,,,
F301,員工休息室,116.19,Type-B 濕式輕隔間,=3.53+3.25,4.72,=E191*F191,=G191,,,,,,,=H191,,,=O191,,,,,,,,
F301,員工休息室,116.19,Type-C 單面輕隔間,=3.70,4.59,=E192*F192,=G192,,,,,,,=H192,,,,,=O192,,,,,,
F301,員工休息室,116.19,Type-D 矽酸鈣板(單面封板),=22.02,4.86,=E193*F193,=G193,,,,,,,=H193,,,,,,=O193,,,,,
F301,員工休息室,116.19,Type-G 矽酸鈣板(單板),=1.28+6.03+0.85+0.88+0.85,4.95,=E194*F194,=G194,,,,,,,=H194,,,,,,,,,,,=O194
F302,梯廳,37.50,Type-A 雙面輕隔間,=5.28+2.93,6.53,=E195*F195,=G195,D6-120x220 cm,1,1.20,2.20,=J195*K195*L195,=M195,=H195-N195-N196,=O195,,,,,,,,,,
,,,,,,,,D7-180x220 cm,1,1.80,2.20,=J196*K196*L196,=M196,,,,,,,,,,,,
F302,梯廳,37.50,Type-B 濕式輕隔間,=5.27,2.66,=E197*F197,=G197,,,,,,,=H197,,,=O197,,,,,,,,
F303,梯廳,25.49,Type-A 雙面輕隔間,=7.65+5.08+5.08,4.97,=E198*F198,=G198,D6-120x220 cm,1,1.20,2.20,=J198*K198*L198,=M198,=H198-N198-N199,=O198,,,,,,,,,,
,,,,,,,,D7-180x220 cm,2,1.80,2.20,=J199*K199*L199,=M199,,,,,,,,,,,,
F303,梯廳,25.49,Type-C 單面輕隔間,=1.35,5.19,=E200*F200,=G200,,,,,,,=H200,,,,,=O200,,,,,,
F304,公共廁所,22.34,Type-B 濕式輕隔間,=1.07+0.98+1.29,2.40,=E201*F201,=G201,,,,,,,=H201,,,=O201,,,,,,,,
F304,公共廁所,22.34,Type-B 濕式輕隔間,=2.11,4.27,=E202*F202,=G202,,,,,,,=H202,,,=O202,,,,,,,,
F304,公共廁所,22.34,Type-B 濕式輕隔間-襯板,=2.76+1.66+0.40+1.66+2.47+0.53+0.40+0.53+1.71,1.90,=E203*F203,=G203,,,,,,,=H203,,,,=O203,,,,,,,
F304,公共廁所,22.34,Type-C 單面輕隔間,=0.98,5.10,=E204*F204,=G204,,,,,,,=H204,,,,,=O204,,,,,,
F305,作業區,189.78,Type-C 單面輕隔間,=1.08,4.63,=E205*F205,=G205,,,,,,,=H205,,,,,=O205,,,,,,
F305,作業區,189.78,Type-F 岩棉庫板,=64.10,5.10,=E206*F206,=G206,SD4-400x280 cm,4,4.00,2.80,=J206*K206*L206,=M206,=H206-N206-N207,,,,,,,,,=O206,,
,,,,,,,,D6-120x220 cm,3,1.20,2.20,=J207*K207*L207,=M207,,,,,,,,,,,,
F305,作業區,189.78,Type-G 矽酸鈣板(單板),=0.18,5.56,=E208*F208,=G208,,,,,,,=H208,,,,,,,,,,,=O208
F306,作業廠房(三),186.02,Type-F 岩棉庫板,=53.53+53.95,5.09,=E209*F209,=G209,SD6-200x280 cm,2,2.00,2.80,=J209*K209*L209,=M209,=H209-N209-N210-N211,,,,,,,,,=O209,,
,,,,,,,,SD4-400x280 cm,4,4.00,2.80,=J210*K210*L210,=M210,,,,,,,,,,,,
,,,,,,,,D6-120x220 cm,2,1.20,2.20,=J211*K211*L211,=M211,,,,,,,,,,,,
F306,作業廠房(三),186.02,Type-G 矽酸鈣板(單板),=0.50,2.00,=E212*F212,=G212,,,,,,,=H212,,,,,,,,,,,=O212
F307,越庫XD區,195.50,Type-F 岩棉庫板,=52.94+65.25,5.09,=E213*F213,=G213,SD4-400x280 cm,4,4.00,2.80,=J213*K213*L213,=M213,=H213-N213-N214,,,,,,,,,=O213,,
,,,,,,,,D6-120x220 cm,2,1.20,2.20,=J214*K214*L214,=M214,,,,,,,,,,,,
F307,越庫XD區,195.50,Type-G 矽酸鈣板(單板),=0.50+0.52+0.50,3.29,=E215*F215,=G215,,,,,,,=H215,,,,,,,,,,,=O215
F308,越庫XD區,221.56,Type-F 岩棉庫板,=52.70,5.09,=E216*F216,=G216,SD4-400x280 cm,4,4.00,2.80,=J216*K216*L216,=M216,=H216-N216-N217,,,,,,,,,=O216,,
,,,,,,,,D6-120x220 cm,4,1.20,2.20,=J217*K217*L217,=M217,,,,,,,,,,,,
F308,越庫XD區,221.56,Type-G 矽酸鈣板(單板),=0.50+0.50,3.00,=E218*F218,=G218,,,,,,,=H218,,,,,,,,,,,=O218
F309,越庫XD區,240.42,Type-F 岩棉庫板,=6.19,5.17,=E219*F219,=G219,,,,,,,=H219,,,,,,,,,=O219,,
F309,越庫XD區,240.42,Type-G 矽酸鈣板(單板),=0.50+0.50,4.00,=E220*F220,=G220,,,,,,,=H220,,,,,,,,,,,=O220
F310,越庫XD區,213.27,Type-G 矽酸鈣板(單板),=1.25,3.20,=E221*F221,=G221,,,,,,,=H221,,,,,,,,,,,=O221
F311,越庫XD區,229.63,Type-F 岩棉庫板,=52.78+6.22,5.07,=E222*F222,=G222,SD4-400x280 cm,4,4.00,2.80,=J222*K222*L222,=M222,=H222-N222-N223,,,,,,,,,=O222,,
,,,,,,,,D6-120x220 cm,2,1.20,2.20,=J223*K223*L223,=M223,,,,,,,,,,,,
F311,越庫XD區,229.63,Type-G 矽酸鈣板(單板),=0.50+0.50+1.06,3.40,=E224*F224,=G224,,,,,,,=H224,,,,,,,,,,,=O224
F312,弱電室,18.42,Type-A 雙面輕隔間,=2.95+5.36+6.26,5.01,=E225*F225,=G225,D4-90x220 cm,1,0.90,2.20,=J225*K225*L225,=M225,=H225-N225,=O225,,,,,,,,,,
F313,電氣室,24.12,Type-A 雙面輕隔間,=5.78+6.21+3.80,5.06,=E226*F226,=G226,D3-180x220 cm,1,1.80,2.20,=J226*K226*L226,=M226,=H226-N226,=O226,,,,,,,,,,
F313,電氣室,24.12,Type-F 岩棉庫板(柱封版),=0.45+0.43+0.43+0.48,7.82,=E227*F227,=G227,,,,,,,=H227,,,,,,,,,,=O227,
F314,管道間,9.55,Type-C 單面輕隔間,=4.10+0.68+0.75+4.10,5.16,=E228*F228,=G228,D1-60x120 cm,1,0.60,1.20,=J228*K228*L228,=M228,=H228-N228,,,,,=O228,,,,,,
F315,排風管道間,15.52,Type-C 單面輕隔間,=2.73+5.13,5.05,=E229*F229,=G229,D1-60x120 cm,1,0.60,1.20,=J229*K229*L229,=M229,=H229-N229,,,,,=O229,,,,,,
F316,管道間,6.40,Type-C 單面輕隔間,=1.55+2.73+1.65+1.63,4.89,=E230*F230,=G230,,,,,,,=H230,,,,,=O230,,,,,,
F317,管道間,5.90,Type-C 單面輕隔間,=2.05+0.90+0.90+2.05,5.21,=E231*F231,=G231,D1-60x120 cm,1,0.60,1.20,=J231*K231*L231,=M231,=H231-N231,,,,,=O231,,,,,,
F318,管道間,6.10,Type-C 單面輕隔間,=0.90+2.15+2.15,4.95,=E232*F232,=G232,D1-60x120 cm,1,0.60,1.20,=J232*K232*L232,=M232,=H232-N232,,,,,=O232,,,,,,
F319,排風管道,14.85,Type-C 單面輕隔間,=5.18,5.02,=E233*F233,=G233,,,,,,,=H233,,,,,=O233,,,,,,
F320,管道間,5.95,Type-C 單面輕隔間,=2.88+1.33+1.63,4.97,=E234*F234,=G234,,,,,,,=H234,,,,,=O234,,,,,,
F322,管道間,7.25,Type-C 單面輕隔間,=4.40+0.55+3.15+0.48,5.10,=E235*F235,=G235,D1-60x120 cm,1,0.60,1.20,=J235*K235*L235,=M235,=H235-N235,,,,,=O235,,,,,,
F322,管道間,7.25,Type-F 岩棉庫板(柱封版),=0.40+0.40,3.75,=E236*F236,=G236,,,,,,,=H236,,,,,,,,,,=O236,
F324,管道間,9.70,Type-C 單面輕隔間,=4.10+0.75+0.75+4.10,5.13,=E237*F237,=G237,D1-60x120 cm,1,0.60,1.20,=J237*K237*L237,=M237,=H237-N237,,,,,=O237,,,,,,
F325,乙貨梯,25.78,Type-C 單面輕隔間,=5.85+7.04+5.85+7.04,4.89,=E238*F238,=G238,,,,,,,=H238,,,,,=O238,,,,,,
F326,乙安全梯,20.78,Type-A 雙面輕隔間,=6.29+11.57+4.10,5.02,=E239*F239,=G239,D6-120x220 cm,2,1.20,2.20,=J239*K239*L239,=M239,=H239-N239,=O239,,,,,,,,,,
F326,乙安全梯,20.78,Type-D 矽酸鈣板(單面封板),=0.40+0.40+0.40+0.50,7.65,=E240*F240,=G240,,,,,,,=H240,,,,,,=O240,,,,,
F327,甲貨梯,23.60,Type-C 單面輕隔間,=5.85+5.95+5.85+5.95,4.83,=E241*F241,=G241,,,,,,,=H241,,,,,=O241,,,,,,
F327,甲貨梯,23.60,Type-F 岩棉庫板,=5.20,5.00,=E242*F242,=G242,,,,,,,=H242,,,,,,,,,=O242,,
F328,甲安全梯,20.80,Type-A 雙面輕隔間,=6.30+4.10+6.30,5.01,=E243*F243,=G243,D6-120x220 cm,1,1.20,2.20,=J243*K243*L243,=M243,=H243-N243,=O243,,,,,,,,,,
F328,甲安全梯,20.80,Type-D 矽酸鈣板(單面封板),=0.40+0.40+0.40+0.51,8.19,=E244*F244,=G244,,,,,,,=H244,,,,,,=O244,,,,,
F329,丁安全梯,20.62,Type-A 雙面輕隔間,=4.18+4.03+6.21,5.11,=E245*F245,=G245,D6-120x220 cm,1,1.20,2.20,=J245*K245*L245,=M245,=H245-N245,=O245,,,,,,,,,,
F329,丁安全梯,20.62,Type-D 矽酸鈣板(單面封板),=1.08+0.43+0.49+0.43,9.05,=E246*F246,=G246,,,,,,,=H246,,,,,,=O246,,,,,
F330,戊安全梯,20.72,Type-A 雙面輕隔間,=6.26+6.90,5.06,=E247*F247,=G247,D6-120x220 cm,1,1.20,2.20,=J247*K247*L247,=M247,=H247-N247-N248,=O247,,,,,,,,,,
,,,,,,,,D3-180x220 cm,1,1.80,2.20,=J248*K248*L248,=M248,,,,,,,,,,,,
F330,戊安全梯,20.72,Type-D 矽酸鈣板(單面封板),=0.43+1.08+0.43+0.54,8.47,=E249*F249,=G249,,,,,,,=H249,,,,,,=O249,,,,,
F331,丙無障礙安全梯,19.95,Type-F 岩棉庫板,=7.65,4.97,=E250*F250,=G250,,,,,,,=H250,,,,,,,,,=O250,,
F331,丙無障礙安全梯,19.95,Type-F 岩棉庫板(柱封版),=3.18+0.40+0.48,4.68,=E251*F251,=G251,,,,,,,=H251,,,,,,,,,,=O251,
F332,丙無障礙客梯,12.95,Type-B 濕式輕隔間,=3.00,4.67,=E252*F252,=G252,,,,,,,=H252,,,=O252,,,,,,,,
F333,丁無障礙客梯,14.85,Type-C 單面輕隔間,=1.79,4.47,=E253*F253,=G253,,,,,,,=H253,,,,,=O253,,,,,,
F333,丁無障礙客梯,14.85,Type-D 矽酸鈣板(單面封板),=3.70+6.50,4.31,=E254*F254,=G254,,,,,,,=H254,,,,,,=O254,,,,,
F334,哺乳室,16.05,Type-A 雙面輕隔間,=2.89,4.81,=E255*F255,=G255,D9-90x210 cm,1,0.90,2.10,=J255*K255*L255,=M255,=H255-N255,=O255,,,,,,,,,,
F334,哺乳室,16.05,Type-G 矽酸鈣板(單板),=2.11+11.13+1.10+0.85,5.13,=E256*F256,=G256,,,,,,,=H256,,,,,,,,,,,=O256
F335,哺乳室,15.52,Type-A 雙面輕隔間,=5.28+5.28+2.63,4.69,=E257*F257,=G257,D9-90x210 cm,1,0.90,2.10,=J257*K257*L257,=M257,=H257-N257,=O257,,,,,,,,,,
F335,哺乳室,15.52,Type-G 矽酸鈣板(單板),=2.70,4.81,=E258*F258,=G258,,,,,,,=H258,,,,,,,,,,,=O258
F336,醫護室,15.95,Type-A 雙面輕隔間,=4.43+2.88,4.91,=E259*F259,=G259,D9-90x210 cm,1,0.90,2.10,=J259*K259*L259,=M259,=H259-N259,=O259,,,,,,,,,,
F336,醫護室,15.95,Type-G 矽酸鈣板(單板),=2.88,4.86,=E260*F260,=G260,,,,,,,=H260,,,,,,,,,,,=O260
F337,男置物間,26.54,Type-A 雙面輕隔間,=4.70,5.93,=E261*F261,=G261,D9-90x210 cm,1,0.90,2.10,=J261*K261*L261,=M261,=H261-N261,=O261,,,,,,,,,,
F337,男置物間,26.54,Type-D 矽酸鈣板(單面封板),=5.00,5.20,=E262*F262,=G262,,,,,,,=H262,,,,,,=O262,,,,,
F338,女置物間,26.88,Type-A 雙面輕隔間,=9.45+9.23+4.18,5.73,=E263*F263,=G263,D9-90x210 cm,1,0.90,2.10,=J263*K263*L263,=M263,=H263-N263,=O263,,,,,,,,,,
F339,教育訓練室,40.90,Type-A 雙面輕隔間,=10.63,4.42,=E264*F264,=G264,,,,,,,=H264,=O264,,,,,,,,,,
F339,教育訓練室,40.90,Type-D 矽酸鈣板(單面封板),=17.06,5.10,=E265*F265,=G265,,,,,,,=H265,,,,,,=O265,,,,,
F340,運動室,24.60,Type-A 雙面輕隔間,=8.85+3.45+8.93,4.76,=E266*F266,=G266,,,,,,,=H266,=O266,,,,,,,,,,
F341,外包辦公室,24.37,Type-A 雙面輕隔間,=3.45,4.35,=E267*F267,=G267,,,,,,,=H267,=O267,,,,,,,,,,
F341,外包辦公室,24.37,Type-B 濕式輕隔間,=6.53,4.90,=E268*F268,=G268,,,,,,,=H268,,,=O268,,,,,,,,
F342,茶水間,29.78,Type-B 濕式輕隔間,=9.78,4.91,=E269*F269,=G269,,,,,,,=H269,,,=O269,,,,,,,,
F343,垃圾回收室,14.72,Type-A 雙面輕隔間,=2.33+5.12+2.33,4.91,=E270*F270,=G270,,,,,,,=H270,=O270,,,,,,,,,,
F343,垃圾回收室,14.72,Type-B 濕式輕隔間,=5.19,4.80,=E271*F271,=G271,D18-90x210cm,1,0.90,2.10,=J271*K271*L271,=M271,=H271-N271,,,=O271,,,,,,,,
F344,儲藏室,84.09,Type-F 岩棉庫板,=42.50+0.98,2.20,=E272*F272,=G272,D10-180x210 cm,1,1.80,2.10,=J272*K272*L272,=M272,=H272-N272,,,,,,,,,=O272,,
F345,弱電室,18.27,Type-A 雙面輕隔間,=6.21+5.31+2.93+3.00,5.04,=E273*F273,=G273,D4-90x220 cm,1,0.90,2.20,=J273*K273*L273,=M273,=H273-N273,=O273,,,,,,,,,,
F346,電氣室,22.42,Type-A 雙面輕隔間,=12.03+6.26,5.08,=E274*F274,=G274,,,,,,,=H274,=O274,,,,,,,,,,
F346,電氣室,22.42,Type-C 單面輕隔間,=0.98,5.10,=E275*F275,=G275,,,,,,,=H275,,,,,=O275,,,,,,
F346,電氣室,22.42,Type-F 岩棉庫板(柱封版),=0.43+0.43+0.43+0.43,8.14,=E276*F276,=G276,,,,,,,=H276,,,,,,,,,,=O276,
F347,女廁,25.10,Type-B 濕式輕隔間,=1.52+1.52+5.71+4.35+1.20,4.26,=E277*F277,=G277,D12-100x210 cm,1,0.90,2.10,=J277*K277*L277,=M277,=H277-N277,,,=O277,,,,,,,,
F347,女廁,25.10,Type-C 單面輕隔間,=1.35,5.19,=E278*F278,=G278,,,,,,,=H278,,,,,=O278,,,,,,
F348,無障礙廁所,9.08,Type-B 濕式輕隔間,=2.49+0.49+1.72+2.70+2.20,4.91,=E279*F279,=G279,D14-110x210 cm,1,1.00,2.10,=J279*K279*L279,=M279,=H279-N279,,,=O279,,,,,,,,
F349,管道間,10.54,Type-C 單面輕隔間,=1.86,4.69,=E280*F280,=G280,D1-60x120 cm,1,0.60,1.20,=J280*K280*L280,=M280,=H280-N280,,,,,=O280,,,,,,
F350,男廁,22.98,Type-B 濕式輕隔間,=3.99+2.66+0.84+1.49+5.71+2.63,4.84,=E281*F281,=G281,D12-100x210 cm,1,0.90,2.10,=J281*K281*L281,=M281,=H281-N281,,,=O281,,,,,,,,
F351,電氣室,0.00,Type-A 雙面輕隔間,=1.86+1.26,5.12,=E282*F282,=G282,D4-90x220 cm,1,0.90,2.20,=J282*K282*L282,=M282,=H282-N282,=O282,,,,,,,,,,
F351,電氣室,0.00,Type-B 濕式輕隔間,=4.68,4.91,=E283*F283,=G283,,,,,,,=H283,,,=O283,,,,,,,,
F352,空調管道間,3.86,Type-C 單面輕隔間,=1.33+0.60+1.33+0.60,4.59,=E284*F284,=G284,D1-60x120 cm,1,0.60,1.20,=J284*K284*L284,=M284,=H284-N284,,,,,=O284,,,,,,
F353,管道間,3.65,Type-C 單面輕隔間,=0.78+1.05,2.19,=E285*F285,=G285,,,,,,,=H285,,,,,=O285,,,,,,
F353,管道間,3.65,Type-C 單面輕隔間,=0.44+1.13,4.46,=E286*F286,=G286,,,,,,,=H286,,,,,=O286,,,,,,
F401,梯廳,25.65,Type-A 雙面輕隔間,=5.08+5.15,4.49,=E287*F287,=G287,D7-180x220 cm,1,1.80,2.20,=J287*K287*L287,=M287,=H287-N287,=O287,,,,,,,,,,
F401,梯廳,25.65,Type-C 單面輕隔間,=1.35,4.44,=E288*F288,=G288,,,,,,,=H288,,,,,=O288,,,,,,
F402,中型大會議室,36.73,Type-A 雙面輕隔間,=7.42+7.42+12.33,4.52,=E289*F289,=G289,D16-90x210 cm,2,0.90,2.10,=J289*K289*L289,=M289,=H289-N289,=O289,,,,,,,,,,
F402,中型大會議室,36.73,Type-D 矽酸鈣板(單面封板),=13.45,4.76,=E290*F290,=G290,,,,,,,=H290,,,,,,=O290,,,,,
F403,女廁,25.10,Type-B 濕式輕隔間,=5.71+1.52+1.52,3.77,=E291*F291,=G291,,,,,,,=H291,,,=O291,,,,,,,,
F403,女廁,25.10,Type-C 單面輕隔間,=1.35,4.44,=E292*F292,=G292,,,,,,,=H292,,,,,=O292,,,,,,
F404,管道間,9.39,Type-C 單面輕隔間,=4.10+0.75+0.60+4.25,4.64,=E293*F293,=G293,,,,,,,=H293,,,,,=O293,,,,,,
F404,管道間,9.39,Type-F 岩棉庫板,=52.94,4.80,=E294*F294,=G294,,,,,,,=H294,,,,,,,,,=O294,,
F405,管道間,9.55,Type-C 單面輕隔間,=0.68+4.10+0.75+4.10,4.57,=E295*F295,=G295,,,,,,,=H295,,,,,=O295,,,,,,
F406,管道間,5.65,Type-A 雙面輕隔間,=6.21+5.36+3.73+2.98+5.85,4.48,=E296*F296,=G296,,,,,,,=H296,=O296,,,,,,,,,,
F406,管道間,5.65,Type-C 單面輕隔間,=2.05+0.85+0.78+2.20,4.42,=E297*F297,=G297,,,,,,,=H297,,,,,=O297,,,,,,
F406,管道間,5.65,Type-G 矽酸鈣板(單板),=0.16+0.93+0.16,6.40,=E298*F298,=G298,,,,,,,=H298,,,,,,,,,,,=O298
F408,管道間,7.25,Type-C 單面輕隔間,=4.40+0.48+0.55+3.15,4.66,=E299*F299,=G299,,,,,,,=H299,,,,,=O299,,,,,,
F408,管道間,7.25,Type-F 岩棉庫板(柱封版),=0.40+0.40,3.75,=E300*F300,=G300,,,,,,,=H300,,,,,,,,,,=O300,
F409,丙無障礙安全梯,19.95,Type-A 雙面輕隔間,=7.65,4.76,=E301*F301,=G301,D5-120x200 cm,1,1.20,2.00,=J301*K301*L301,=M301,=H301-N301,=O301,,,,,,,,,,
F409,丙無障礙安全梯,19.95,Type-F 岩棉庫板,=7.65,4.71,=E302*F302,=G302,,,,,,,=H302,,,,,,,,,=O302,,
F409,丙無障礙安全梯,19.95,Type-F 岩棉庫板(柱封版),=3.18+0.40+0.48,4.43,=E303*F303,=G303,,,,,,,=H303,,,,,,,,,,=O303,
F410,丙無障礙客梯,12.97,Type-B 濕式輕隔間,=3.00,4.67,=E304*F304,=G304,,,,,,,=H304,,,=O304,,,,,,,,
F411,丁無障礙客梯,14.11,Type-C 單面輕隔間,=1.71,4.68,=E305*F305,=G305,,,,,,,=H305,,,,,=O305,,,,,,
F411,丁無障礙客梯,14.11,Type-D 矽酸鈣板(單面封板),=3.70+6.50,4.12,=E306*F306,=G306,,,,,,,=H306,,,,,,=O306,,,,,
F412,乙安全梯,20.47,Type-A 雙面輕隔間,=6.29+4.10+5.83+6.29,4.62,=E307*F307,=G307,,,,,,,=H307,=O307,,,,,,,,,,
F412,乙安全梯,20.47,Type-C 單面輕隔間,=0.50,8.00,=E308*F308,=G308,,,,,,,=H308,,,,,=O308,,,,,,
F413,乙貨梯,25.78,Type-A 雙面輕隔間,=5.85+7.04+5.83+5.93+7.12,4.66,=E309*F309,=G309,,,,,,,=H309,=O309,,,,,,,,,,
F413,乙貨梯,25.78,Type-F 岩棉庫板,=65.80,4.79,=E310*F310,=G310,,,,,,,=H310,,,,,,,,,=O310,,
F414,甲貨梯,23.60,Type-C 單面輕隔間,=5.85+5.95+5.85+5.95,4.62,=E311*F311,=G311,,,,,,,=H311,,,,,=O311,,,,,,
F414,甲貨梯,23.60,Type-F 岩棉庫板,=5.75+53.95,4.79,=E312*F312,=G312,,,,,,,=H312,,,,,,,,,=O312,,
F415,甲安全梯,20.80,Type-A 雙面輕隔間,=6.30+4.10+6.30,4.61,=E313*F313,=G313,,,,,,,=H313,=O313,,,,,,,,,,
F416,丁安全梯,20.57,Type-A 雙面輕隔間,=6.21+4.18+4.08+3.00+6.21,4.77,=E314*F314,=G314,,,,,,,=H314,=O314,,,,,,,,,,
F416,丁安全梯,20.57,Type-F 岩棉庫板,=53.25+6.19,4.79,=E315*F315,=G315,,,,,,,=H315,,,,,,,,,=O315,,
F416,丁安全梯,20.57,Type-G 矽酸鈣板(單板),=0.30+0.93+0.16,5.76,=E316*F316,=G316,,,,,,,=H316,,,,,,,,,,,=O316
F417,戊安全梯,20.67,Type-A 雙面輕隔間,=4.08+6.26+6.26+4.08+4.83,4.66,=E317*F317,=G317,,,,,,,=H317,=O317,,,,,,,,,,
F417,戊安全梯,20.67,Type-F 岩棉庫板,=6.22,4.66,=E318*F318,=G318,,,,,,,=H318,,,,,,,,,=O318,,
F417,戊安全梯,20.67,Type-G 矽酸鈣板(單板),=0.93+0.93+0.18+0.18+0.16+0.16,7.09,=E319*F319,=G319,,,,,,,=H319,,,,,,,,,,,=O319
F418,管道間,6.10,Type-A 雙面輕隔間,=2.90+5.36+2.68+2.98+6.26,4.46,=E320*F320,=G320,,,,,,,=H320,=O320,,,,,,,,,,
F418,管道間,6.10,Type-C 單面輕隔間,=2.15+0.90+0.90+2.15,4.43,=E321*F321,=G321,,,,,,,=H321,,,,,=O321,,,,,,
F418,管道間,6.10,Type-F 岩棉庫板,=53.33,4.56,=E322*F322,=G322,,,,,,,=H322,,,,,,,,,=O322,,
F418,管道間,6.10,Type-G 矽酸鈣板(單板),=0.93+0.18+0.18,7.75,=E323*F323,=G323,,,,,,,=H323,,,,,,,,,,,=O323
F419,管道間,3.55,Type-C 單面輕隔間,=0.43+1.35+0.43,4.07,=E324*F324,=G324,,,,,,,=H324,,,,,=O324,,,,,,
F420,管道間,6.50,Type-C 單面輕隔間,=1.65+1.60+1.65+1.60,4.62,=E325*F325,=G325,,,,,,,=H325,,,,,=O325,,,,,,
F420,管道間,6.50,Type-F 岩棉庫板,=53.45+1.08,4.77,=E326*F326,=G326,,,,,,,=H326,,,,,,,,,=O326,,
F420,管道間,6.50,Type-G 矽酸鈣板(單板),=0.16+0.93+0.16,6.40,=E327*F327,=G327,,,,,,,=H327,,,,,,,,,,,=O327
F421,無障礙廁所,9.08,Type-B 濕式輕隔間,=5.11+1.72+2.70+2.20,4.60,=E328*F328,=G328,D12-100x210 cm,1,0.90,2.10,=J328*K328*L328,=M328,=H328-N328-N329,,,=O328,,,,,,,,
,,,,,,,,D14-110x210 cm,1,1.00,2.10,=J329*K329*L329,=M329,,,,,,,,,,,,
F422,管道間,10.54,Type-C 單面輕隔間,=1.86,4.15,=E330*F330,=G330,D1-60x120 cm,1,0.60,1.20,=J330*K330*L330,=M330,=H330-N330,,,,,=O330,,,,,,
F423,男廁,22.98,Type-B 濕式輕隔間,=4.47+2.66+0.84+1.49+5.71,4.42,=E331*F331,=G331,,,,,,,=H331,,,=O331,,,,,,,,
F424,電氣室,0.00,Type-A 雙面輕隔間,=1.86+1.26,4.48,=E332*F332,=G332,D4-90x220 cm,1,0.90,2.20,=J332*K332*L332,=M332,=H332-N332,=O332,,,,,,,,,,
F424,電氣室,0.00,Type-B 濕式輕隔間,=5.71,4.53,=E333*F333,=G333,D12-100x210 cm,1,0.90,2.10,=J333*K333*L333,=M333,=H333-N333,,,=O333,,,,,,,,
F425,空調管道間,3.86,Type-C 單面輕隔間,=1.42+0.60+0.60+1.33,4.49,=E334*F334,=G334,D1-60x120 cm,1,0.60,1.20,=J334*K334*L334,=M334,=H334-N334,,,,,=O334,,,,,,
F426,通廊,78.26,Type-A 雙面輕隔間,=2.55+2.40,4.60,=E335*F335,=G335,D17-180x210 cm,1,1.80,2.10,=J335*K335*L335,=M335,=H335-N335,=O335,,,,,,,,,,
F426,通廊,78.26,Type-B 濕式輕隔間,=4.35,4.60,=E336*F336,=G336,,,,,,,=H336,,,=O336,,,,,,,,
F426,通廊,78.26,Type-C 單面輕隔間,=1.63,4.29,=E337*F337,=G337,,,,,,,=H337,,,,,=O337,,,,,,
F426,通廊,78.26,Type-F 岩棉庫板,=64.10,4.56,=E338*F338,=G338,,,,,,,=H338,,,,,,,,,=O338,,
F427,大型會議室,68.05,Type-A 雙面輕隔間,=21.54+4.43,4.57,=E339*F339,=G339,D17-180x210 cm,1,1.80,2.10,=J339*K339*L339,=M339,=H339-N339,=O339,,,,,,,,,,
F427,大型會議室,68.05,Type-C 單面輕隔間,=3.70,4.32,=E340*F340,=G340,,,,,,,=H340,,,,,=O340,,,,,,
F427,大型會議室,68.05,Type-D 矽酸鈣板(單面封板),=7.80+10.65,4.82,=E341*F341,=G341,,,,,,,=H341,,,,,,=O341,,,,,
F427,大型會議室,68.05,Type-G 矽酸鈣板(單板),=5.14+2.55+9.79,4.58,=E342*F342,=G342,,,,,,,=H342,,,,,,,,,,,=O342
F428,管道間,8.30,Type-C 單面輕隔間,=1.80+2.40+1.80,4.33,=E343*F343,=G343,,,,,,,=H343,,,,,=O343,,,,,,
F501,梯廳,25.60,Type-A 雙面輕隔間,=4.83,5.37,=E344*F344,=G344,D7-180x220 cm,1,1.80,2.20,=J344*K344*L344,=M344,=H344-N344,=O344,,,,,,,,,,
F501,梯廳,25.60,Type-C 單面輕隔間,=1.23,4.88,=E345*F345,=G345,,,,,,,=H345,,,,,=O345,,,,,,
F501,梯廳,25.60,Type-G 矽酸鈣板(單板),=5.15,5.63,=E346*F346,=G346,,,,,,,=H346,,,,,,,,,,,=O346
F502,儲藏室,116.80,Type-F 岩棉庫板,=21.21+37.20,7.15,=E347*F347,=G347,D3-180x220 cm,2,1.80,2.20,=J347*K347*L347,=M347,=H347-N347,,,,,,,,,=O347,,
F502,儲藏室,116.80,Type-G 矽酸鈣板(單板),=1.88,5.32,=E348*F348,=G348,,,,,,,=H348,,,,,,,,,,,=O348
F503,辦公區,53.72,Type-A 雙面輕隔間,=9.89,4.95,=E349*F349,=G349,D3-180x220 cm,1,1.80,2.20,=J349*K349*L349,=M349,=H349-N349,=O349,,,,,,,,,,
F503,辦公區,53.72,Type-B 濕式輕隔間,=0.85,4.71,=E350*F350,=G350,,,,,,,=H350,,,=O350,,,,,,,,
F503,辦公區,53.72,Type-G 矽酸鈣板(單板),=8.63+5.53+1.10+0.88+1.10+4.59+1.30+1.20,5.22,=E351*F351,=G351,,,,,,,=H351,,,,,,,,,,,=O351
F504,梯廳,37.15,Type-A 雙面輕隔間,=5.20+5.28+2.85,5.34,=E352*F352,=G352,D6-120x220 cm,2,1.20,2.20,=J352*K352*L352,=M352,=H352-N352-N353,=O352,,,,,,,,,,
,,,,,,,,D7-180x220 cm,1,1.80,2.20,=J353*K353*L353,=M353,,,,,,,,,,,,
F505,公用廁所,22.34,Type-B 濕式輕隔間,=5.15+1.07+0.98+1.29,2.47,=E354*F354,=G354,,,,,,,=H354,,,=O354,,,,,,,,
F505,公用廁所,22.34,Type-B 濕式輕隔間,=4.37+1.07,4.23,=E355*F355,=G355,,,,,,,=H355,,,=O355,,,,,,,,
F505,公用廁所,22.34,Type-B 濕式輕隔間-襯板,=2.76+0.40+1.66+2.47+0.53+1.71+0.40+0.40,2.23,=E356*F356,=G356,,,,,,,=H356,,,,=O356,,,,,,,
F505,公用廁所,22.34,Type-B 濕式輕隔間-襯板,=2.76+0.40+0.40,2.53,=E357*F357,=G357,,,,,,,=H357,,,,=O357,,,,,,,
F505,公用廁所,22.34,Type-C 單面輕隔間,=1.29,3.88,=E358*F358,=G358,,,,,,,=H358,,,,,=O358,,,,,,
F506,恆溫區,195.75,Type-F 岩棉庫板,=28.90+48.00+18.20,8.96,=E359*F359,=G359,SD4-400x280 cm,8,4.00,2.80,=J359*K359*L359,=M359,=H359-N359-N360,,,,,,,,,=O359,,
,,,,,,,,D6-120x220 cm,4,1.20,2.20,=J360*K360*L360,=M360,,,,,,,,,,,,
F507,大家電落地區,219.46,Type-F 岩棉庫板,=51.70,8.98,=E361*F361,=G361,SD4-400x280 cm,4,4.00,2.80,=J361*K361*L361,=M361,=H361-N361-N362,,,,,,,,,=O361,,
,,,,,,,,D6-120x220 cm,2,1.20,2.20,=J362*K362*L362,=M362,,,,,,,,,,,,
F508,大家電區,209.08,Type-F 岩棉庫板,=47.05+34.65+23.00,9.46,=E363*F363,=G363,SD4-400x280 cm,9,4.00,2.80,=J363*K363*L363,=M363,=H363-N363-N364,,,,,,,,,=O363,,
,,,,,,,,D6-120x220 cm,4,1.20,2.20,=J364*K364*L364,=M364,,,,,,,,,,,,
F508,大家電區,209.08,Type-G 矽酸鈣板(單板),=1.98,5.56,=E365*F365,=G365,,,,,,,=H365,,,,,,,,,,,=O365
F509,大家電落地區,217.47,Type-F 岩棉庫板,=47.05+34.50+6.14+9.56+9.56,9.22,=E366*F366,=G366,SD4-400x280 cm,7,4.00,2.80,=J366*K366*L366,=M366,=H366-N366-N367,,,,,,,,,=O366,,
,,,,,,,,D6-120x220 cm,4,1.20,2.20,=J367*K367*L367,=M367,,,,,,,,,,,,
F509,大家電落地區,217.47,Type-G 矽酸鈣板(單板),=1.98,5.56,=E368*F368,=G368,,,,,,,=H368,,,,,,,,,,,=O368
F510,恆溫區,178.67,Type-F 岩棉庫板,=53.50+1.05+12.25,8.68,=E369*F369,=G369,D6-120x220 cm,1,1.20,2.20,=J369*K369*L369,=M369,=H369-N369,,,,,,,,,=O369,,
F511,大家電區,240.12,Type-F 岩棉庫板,=36.05,8.75,=E370*F370,=G370,SD4-400x280 cm,4,4.00,2.80,=J370*K370*L370,=M370,=H370-N370-N371,,,,,,,,,=O370,,
,,,,,,,,D6-120x220 cm,1,1.20,2.20,=J371*K371*L371,=M371,,,,,,,,,,,,
F511,大家電區,240.12,Type-G 矽酸鈣板(單板),=1.98,5.56,=E372*F372,=G372,,,,,,,=H372,,,,,,,,,,,=O372
F512,弱電室,22.32,Type-A 雙面輕隔間,=6.26+4.83+2.83,5.31,=E373*F373,=G373,D3-180x220 cm,1,1.80,2.20,=J373*K373*L373,=M373,=H373-N373,=O373,,,,,,,,,,
F512,弱電室,22.32,Type-F 岩棉庫板(柱封版),=0.43+0.43+0.43,4.65,=E374*F374,=G374,,,,,,,=H374,,,,,,,,,,=O374,
F513,電氣室,24.12,Type-A 雙面輕隔間,=6.21+3.80,5.49,=E375*F375,=G375,D3-180x220 cm,1,1.80,2.20,=J375*K375*L375,=M375,=H375-N375,=O375,,,,,,,,,,
F513,電氣室,24.12,Type-F 岩棉庫板(柱封版),=0.43+0.45+0.43+0.48,4.47,=E376*F376,=G376,,,,,,,=H376,,,,,,,,,,=O376,
F514,管道間,7.25,Type-C 單面輕隔間,=4.40+0.48+0.55+3.15,5.45,=E377*F377,=G377,D1-60x120 cm,1,0.60,1.20,=J377*K377*L377,=M377,=H377-N377,,,,,=O377,,,,,,
F514,管道間,7.25,Type-F 岩棉庫板(柱封版),=0.40+0.40,5.00,=E378*F378,=G378,,,,,,,=H378,,,,,,,,,,=O378,
F516,管道間,6.10,Type-C 單面輕隔間,=2.15+0.90+0.90+2.15,5.36,=E379*F379,=G379,D1-60x120 cm,1,0.60,1.20,=J379*K379*L379,=M379,=H379-N379,,,,,=O379,,,,,,
F516,管道間,6.10,Type-F 岩棉庫板(柱封版),=0.43,4.65,=E380*F380,=G380,,,,,,,=H380,,,,,,,,,,=O380,
F517,管道間,5.90,Type-C 單面輕隔間,=2.05+0.90+0.90+2.05,5.38,=E381*F381,=G381,D1-60x120 cm,1,0.60,1.20,=J381*K381*L381,=M381,=H381-N381,,,,,=O381,,,,,,
F518,管道間,3.55,Type-C 單面輕隔間,=0.43+1.35+0.43,4.52,=E382*F382,=G382,,,,,,,=H382,,,,,=O382,,,,,,
F519,管道間,6.40,Type-C 單面輕隔間,=1.65+1.55+1.65+1.55,6.41,=E383*F383,=G383,,,,,,,=H383,,,,,=O383,,,,,,
F520,管道間,9.70,Type-C 單面輕隔間,=4.10+4.10+0.75+0.83,5.80,=E384*F384,=G384,D1-60x120 cm,1,0.60,1.20,=J384*K384*L384,=M384,=H384-N384,,,,,=O384,,,,,,
F522,管道間,9.55,Type-C 單面輕隔間,=4.10+0.75+0.68+4.10,5.47,=E385*F385,=G385,D1-60x120 cm,1,0.60,1.20,=J385*K385*L385,=M385,=H385-N385,,,,,=O385,,,,,,
F523,乙貨梯,25.78,Type-C 單面輕隔間,=5.85+7.04+5.85+7.12,5.26,=E386*F386,=G386,,,,,,,=H386,,,,,=O386,,,,,,
F524,乙安全梯,20.78,Type-A 雙面輕隔間,=6.29+4.10+6.37,5.47,=E387*F387,=G387,D6-120x220 cm,1,1.20,2.20,=J387*K387*L387,=M387,=H387-N387,=O387,,,,,,,,,,
F524,乙安全梯,20.78,Type-F 岩棉庫板(柱封版),=0.38+0.38+0.38+0.48,3.09,=E388*F388,=G388,,,,,,,=H388,,,,,,,,,,=O388,
F525,甲貨梯,23.60,Type-C 單面輕隔間,=5.85+5.95+5.95+5.85,4.96,=E389*F389,=G389,,,,,,,=H389,,,,,=O389,,,,,,
F526,甲安全梯,20.65,Type-A 雙面輕隔間,=6.30+4.10+6.23,6.71,=E390*F390,=G390,D6-120x220 cm,1,1.20,2.20,=J390*K390*L390,=M390,=H390-N390,=O390,,,,,,,,,,
F526,甲安全梯,20.65,Type-D 矽酸鈣板(單面封板),=0.40+0.40+0.40+0.51,7.02,=E391*F391,=G391,,,,,,,=H391,,,,,,=O391,,,,,
F527,丁安全梯,20.62,Type-A 雙面輕隔間,=6.21+6.21+7.10,5.41,=E392*F392,=G392,D4-90x220 cm,1,0.90,2.20,=J392*K392*L392,=M392,=H392-N392-N393,=O392,,,,,,,,,,
,,,,,,,,D6-120x220 cm,1,1.20,2.20,=J393*K393*L393,=M393,,,,,,,,,,,,
F527,丁安全梯,20.62,Type-F 岩棉庫板(柱封版),=1.05+0.40+0.46+0.40,3.90,=E394*F394,=G394,,,,,,,=H394,,,,,,,,,,=O394,
F528,戊安全梯,20.57,Type-A 雙面輕隔間,=4.03+4.03+6.26,7.10,=E395*F395,=G395,D6-120x220 cm,1,1.20,2.20,=J395*K395*L395,=M395,=H395-N395,=O395,,,,,,,,,,
F528,戊安全梯,20.57,Type-D 矽酸鈣板(單面封板),=1.08+0.40+0.40+0.54,4.55,=E396*F396,=G396,,,,,,,=H396,,,,,,=O396,,,,,
F529,丙無障礙安全梯,19.95,Type-A 雙面輕隔間,=7.68,5.42,=E397*F397,=G397,D6-120x220 cm,1,1.20,2.20,=J397*K397*L397,=M397,=H397-N397,=O397,,,,,,,,,,
F529,丙無障礙安全梯,19.95,Type-F 岩棉庫板,=7.68,5.34,=E398*F398,=G398,,,,,,,=H398,,,,,,,,,=O398,,
F529,丙無障礙安全梯,19.95,Type-F 岩棉庫板(柱封版),=3.18+0.40+0.48,5.42,=E399*F399,=G399,,,,,,,=H399,,,,,,,,,,=O399,
F530,丙無障礙客梯,13.70,Type-B 濕式輕隔間,=3.23,5.57,=E400*F400,=G400,,,,,,,=H400,,,=O400,,,,,,,,
F531,丁無障礙客梯,14.40,Type-C 單面輕隔間,=1.79,5.03,=E401*F401,=G401,,,,,,,=H401,,,,,=O401,,,,,,
F531,丁無障礙客梯,14.40,Type-D 矽酸鈣板(單面封板),=4.03+6.65,4.87,=E402*F402,=G402,,,,,,,=H402,,,,,,=O402,,,,,
F532,電氣室,20.32,Type-A 雙面輕隔間,=6.26+3.90+3.90+5.36,5.35,=E403*F403,=G403,D4-90x220 cm,1,0.90,2.20,=J403*K403*L403,=M403,=H403-N403,=O403,,,,,,,,,,
F533,弱電室,18.42,Type-A 雙面輕隔間,=12.95+5.31,5.31,=E404*F404,=G404,,,,,,,=H404,=O404,,,,,,,,,,
F534,茶水間,15.40,Type-B 濕式輕隔間,=0.80+4.95,5.22,=E405*F405,=G405,,,,,,,=H405,,,=O405,,,,,,,,
F535,女廁,25.10,Type-B 濕式輕隔間,=5.09+1.54+1.52,4.29,=E406*F406,=G406,,,,,,,=H406,,,=O406,,,,,,,,
F535,女廁,25.10,Type-C 單面輕隔間,=1.23,4.88,=E407*F407,=G407,,,,,,,=H407,,,,,=O407,,,,,,
F536,無障礙廁所,9.08,Type-B 濕式輕隔間,=0.49+5.11+1.72+2.20,5.25,=E408*F408,=G408,D12-100x210 cm,1,0.90,2.10,=J408*K408*L408,=M408,=H408-N408-N409,,,=O408,,,,,,,,
,,,,,,,,D14-110x210 cm,1,1.00,2.10,=J409*K409*L409,=M409,,,,,,,,,,,,
F537,管道間,10.54,Type-C 單面輕隔間,=1.86,5.23,=E410*F410,=G410,D1-60x120 cm,1,0.60,1.20,=J410*K410*L410,=M410,=H410-N410,,,,,=O410,,,,,,
F538,男廁,22.98,Type-B 濕式輕隔間,=2.66+0.84+1.49+5.71+3.99,5.17,=E411*F411,=G411,,,,,,,=H411,,,=O411,,,,,,,,
F539,電氣室,0.00,Type-A 雙面輕隔間,=1.26+1.86,5.12,=E412*F412,=G412,D4-90x220 cm,1,0.90,2.20,=J412*K412*L412,=M412,=H412-N412,=O412,,,,,,,,,,
F539,電氣室,0.00,Type-B 濕式輕隔間,=5.71+2.70,5.34,=E413*F413,=G413,D12-100x210 cm,1,0.90,2.10,=J413*K413*L413,=M413,=H413-N413,,,=O413,,,,,,,,
F540,空調管道間,3.86,Type-C 單面輕隔間,=1.33+0.60+0.60+1.33,5.11,=E414*F414,=G414,D1-60x120 cm,1,0.60,1.20,=J414*K414*L414,=M414,=H414-N414,,,,,=O414,,,,,,
F541,理貨區,355.77,Type-C 單面輕隔間,=1.63,5.52,=E415*F415,=G415,,,,,,,=H415,,,,,=O415,,,,,,
F541,理貨區,355.77,Type-F 岩棉庫板,=38.45,8.99,=E416*F416,=G416,SD4-400x280 cm,2,4.00,2.80,=J416*K416*L416,=M416,=H416-N416-N417,,,,,,,,,=O416,,
,,,,,,,,D6-120x220 cm,2,1.20,2.20,=J417*K417*L417,=M417,,,,,,,,,,,,
F542,露臺,71.44,,,,,,,,,,,,,,,,,,,,,,,
F543,管道間,3.32,Type-C 單面輕隔間,=0.78+1.03,2.21,=E419*F419,=G419,,,,,,,=H419,,,,,=O419,,,,,,
F543,管道間,3.32,Type-C 單面輕隔間,=1.05,3.81,=E420*F420,=G420,,,,,,,=H420,,,,,=O420,,,,,,
F601,甲貨梯機房,31.80,Type-A 雙面輕隔間,=37.25+8.85+7.05+8.85,3.27,=E421*F421,=G421,,,,,,,=H421,=O421,,,,,,,,,,
F601,甲貨梯機房,31.80,Type-F 岩棉庫板,=1.05,2.86,=E422*F422,=G422,,,,,,,=H422,,,,,,,,,=O422,,
F601,甲貨梯機房,31.80,Type-G 矽酸鈣板(單板),=1.88,3.72,=E423*F423,=G423,,,,,,,=H423,,,,,,,,,,,=O423
F602,甲安全梯,20.65,Type-A 雙面輕隔間,=6.30+4.10,3.43,=E424*F424,=G424,D6-120x220 cm,1,1.20,2.20,=J424*K424*L424,=M424,=H424-N424,=O424,,,,,,,,,,
F603,乙安全梯,20.78,Type-A 雙面輕隔間,=12.12+6.29,3.46,=E425*F425,=G425,D6-120x220 cm,1,1.20,2.20,=J425*K425*L425,=M425,=H425-N425,=O425,,,,,,,,,,
F604,管道間,9.70,Type-C 單面輕隔間,=4.10+4.10+0.75+0.75,3.51,=E426*F426,=G426,,,,,,,=H426,,,,,=O426,,,,,,
F604,管道間,9.70,Type-G 矽酸鈣板(單板),=1.98,3.54,=E427*F427,=G427,,,,,,,=H427,,,,,,,,,,,=O427
F605,管道間,9.70,Type-C 單面輕隔間,=4.10+4.10+0.75,3.46,=E428*F428,=G428,,,,,,,=H428,,,,,=O428,,,,,,
F606,丙無障礙安全梯,19.95,Type-A 雙面輕隔間,=7.68,3.39,=E429*F429,=G429,,,,,,,=H429,=O429,,,,,,,,,,
F606,丙無障礙安全梯,19.95,Type-F 岩棉庫板,=7.68,3.39,=E430*F430,=G430,,,,,,,=H430,,,,,,,,,=O430,,
F606,丙無障礙安全梯,19.95,Type-F 岩棉庫板(柱封版),=3.18+0.40+0.40+0.48,3.36,=E431*F431,=G431,,,,,,,=H431,,,,,,,,,,=O431,
F607,管道間,7.40,Type-C 單面輕隔間,=1.63+4.40+0.55+0.55+3.15,3.50,=E432*F432,=G432,,,,,,,=H432,,,,,=O432,,,,,,
F607,管道間,7.40,Type-F 岩棉庫板(柱封版),=0.40,2.50,=E433*F433,=G433,,,,,,,=H433,,,,,,,,,,=O433,
F607,管道間,7.40,Type-G 矽酸鈣板(單板),=1.98,3.54,=E434*F434,=G434,,,,,,,=H434,,,,,,,,,,,=O434
F608,丙無障礙客梯,16.10,Type-C 單面輕隔間,=1.23+1.23,3.25,=E435*F435,=G435,,,,,,,=H435,,,,,=O435,,,,,,
F608,丙無障礙客梯,16.10,Type-D 矽酸鈣板(單面封板),=3.15,3.49,=E436*F436,=G436,,,,,,,=H436,,,,,,=O436,,,,,
F609,丁無障礙客梯,14.16,Type-D 矽酸鈣板(單面封板),=6.65+2.95,3.44,=E437*F437,=G437,,,,,,,=H437,,,,,,=O437,,,,,
F609,丁無障礙客梯,14.16,Type-F 岩棉庫板,=8.85,3.50,=E438*F438,=G438,,,,,,,=H438,,,,,,,,,=O438,,
F610,管道間,5.72,Type-C 單面輕隔間,=2.31+0.55+2.31+0.55,3.50,=E439*F439,=G439,,,,,,,=H439,,,,,=O439,,,,,,
F611,管道間,3.86,Type-C 單面輕隔間,=1.33+0.60+0.60+1.33,3.89,=E440*F440,=G440,,,,,,,=H440,,,,,=O440,,,,,,
F612,乙貨梯機房,31.78,Type-A 雙面輕隔間,=12.95+12.87+8.85,3.46,=E441*F441,=G441,,,,,,,=H441,=O441,,,,,,,,,,
F612,乙貨梯機房,31.78,Type-F 岩棉庫板,=0.65,3.08,=E442*F442,=G442,,,,,,,=H442,,,,,,,,,=O442,,
F612,乙貨梯機房,31.78,Type-G 矽酸鈣板(單板),=1.98,3.54,=E443*F443,=G443,,,,,,,=H443,,,,,,,,,,,=O443
R101,常溫室 空調機房,34.50,Type-C 單面輕隔間,=12.98,1.16,=E444*F444,=G444,,,,,,,=H444,,,,,=O444,,,,,,
R102,甲安全梯,20.85,Type-A 雙面輕隔間,=4.13+6.30,3.70,=E445*F445,=G445,D6-120x220 cm,1,1.20,2.20,=J445*K445*L445,=M445,=H445-N445,=O445,,,,,,,,,,
R103,發電機房,62.90,Type-F 岩棉庫板,=21.90+24.35,7.15,=E446*F446,=G446,D3-180x220 cm,3,1.80,2.20,=J446*K446*L446,=M446,=H446-N446,,,,,,,,,=O446,,
R104,走廊,31.38,Type-A 雙面輕隔間,=5.15,7.57,=E447*F447,=G447,D7-180x220 cm,1,1.80,2.20,=J447*K447*L447,=M447,=H447-N447,=O447,,,,,,,,,,
R104,走廊,31.38,Type-C 單面輕隔間,=1.63+0.55,6.88,=E448*F448,=G448,,,,,,,=H448,,,,,=O448,,,,,,
R104,走廊,31.38,Type-F 岩棉庫板,=2.98+9.30,7.40,=E449*F449,=G449,D3-180x220 cm,2,1.80,2.20,=J449*K449*L449,=M449,=H449-N449,,,,,,,,,=O449,,
R105,發電機房,56.05,,,,,,,,,,,,,,,,,,,,,,,
R106,變電室,53.80,Type-F 岩棉庫板,=20.27,7.40,=E451*F451,=G451,D3-180x220 cm,1,1.80,2.20,=J451*K451*L451,=M451,=H451-N451,,,,,,,,,=O451,,
R107,走廊,40.95,Type-F 岩棉庫板,=17.68,7.41,=E452*F452,=G452,,,,,,,=H452,,,,,,,,,=O452,,
R108,中央空調,68.40,Type-F 岩棉庫板,=14.03,7.34,=E453*F453,=G453,D3-180x220 cm,1,1.80,2.20,=J453*K453*L453,=M453,=H453-N453,,,,,,,,,=O453,,
R109,管道間,15.03,Type-C 單面輕隔間,=3.63+3.94+3.63+3.94,7.40,=E454*F454,=G454,,,,,,,=H454,,,,,=O454,,,,,,
R110,變電室,54.42,Type-F 岩棉庫板,=12.74,7.38,=E455*F455,=G455,,,,,,,=H455,,,,,,,,,=O455,,
R111,管道間,6.10,Type-C 單面輕隔間,=0.70+2.35+0.70+2.35,7.70,=E456*F456,=G456,,,,,,,=H456,,,,,=O456,,,,,,
R112,丁無障礙客梯,14.16,Type-D 矽酸鈣板(單面封板),=1.15+6.65+3.70,4.35,=E457*F457,=G457,,,,,,,=H457,,,,,,=O457,,,,,
R113,丙無障礙客梯,16.10,Type-C 單面輕隔間,=1.23+1.23,4.07,=E458*F458,=G458,,,,,,,=H458,,,,,=O458,,,,,,
R113,丙無障礙客梯,16.10,Type-D 矽酸鈣板(單面封板),=3.15,3.81,=E459*F459,=G459,,,,,,,=H459,,,,,,=O459,,,,,
R114,梯廳,26.05,Type-A 雙面輕隔間,=7.68,3.93,=E460*F460,=G460,D15-100x220 cm,1,1.00,2.20,=J460*K460*L460,=M460,=H460-N460,=O460,,,,,,,,,,
R115,管道間,7.40,Type-C 單面輕隔間,=1.60+3.15+4.40,5.90,=E461*F461,=G461,,,,,,,=H461,,,,,=O461,,,,,,
R115,管道間,7.40,Type-F 岩棉庫板(柱封版),=0.40+0.40,2.50,=E462*F462,=G462,,,,,,,=H462,,,,,,,,,,=O462,
R116,丙無障礙安全梯,19.90,Type-C 單面輕隔間,=6.63,3.92,=E463*F463,=G463,,,,,,,=H463,,,,,=O463,,,,,,
R116,丙無障礙安全梯,19.90,Type-F 岩棉庫板(柱封版),=3.15+0.40+0.45,3.50,=E464*F464,=G464,,,,,,,=H464,,,,,,,,,,=O464,
R117,管道間,9.75,Type-C 單面輕隔間,=4.13+0.75,3.89,=E465*F465,=G465,,,,,,,=H465,,,,,=O465,,,,,,
R118,太陽能機房,26.85,Type-A 雙面輕隔間,=5.83+8.95,3.88,=E466*F466,=G466,D6-120x220 cm,2,1.20,2.20,=J466*K466*L466,=M466,=H466-N466,=O466,,,,,,,,,,
R201,丙無障礙安全梯,19.75,Type-A 雙面輕隔間,=7.60,3.64,=E467*F467,=G467,D6-120x220 cm,1,1.20,2.20,=J467*K467*L467,=M467,=H467-N467,=O467,,,,,,,,,,
R201,丙無障礙安全梯,19.75,Type-C 單面輕隔間,=0.55+3.15+7.68,3.95,=E468*F468,=G468,,,,,,,=H468,,,,,=O468,,,,,,
R201,丙無障礙安全梯,19.75,Type-F 岩棉庫板(柱封版),=3.15,3.81,=E469*F469,=G469,,,,,,,=H469,,,,,,,,,,=O469,
R202,電梯機房,25.93,Type-D 矽酸鈣板(單面封板),=1.15+4.38,3.62,=E470*F470,=G470,,,,,,,=H470,,,,,,=O470,,,,,
