工程採購數量計算表,,,,,,,,,,,,,,,,,,
綜合大樓,,,,,,,,,,,,,,,,,,
輕隔間數量計算表 (全棟合併),,,,,,,,,,,,,,,,,,
樓別名稱,,輕隔間牆,,,,,,門開口、窗開口,,,,,,,輕隔間牆面積,,,
編號,空間名稱,空間周長,輕隔間牆類型,牆長,牆高,面積,小計,名稱,數量,長,高,面積,小計,總計,TYPE A1-乾式輕隔間-15cm,TYPE C-乾式輕隔間牆-15cm,TYPE D1-乾式輕隔間-10cm,TYPE E-纖維水泥板(單面)-10cm
BS101,廢水坑,11.80,,,,,,,,,,,,,,,,
B301,梯廳,29.90,TYPE E-纖維水泥板(單面)-10cm,=5.10+2.90+5.85,5.80,=E7*F7,=G7,,,,,,,=H7,,,,=O7
B301,梯廳,29.90,TYPE D1-乾式輕隔間-10cm,=0.20+0.90+0.20,5.80,=E8*F8,=G8,,,,,,,=H8,,,=O8,
B302,地下連通道,68.14,TYPE E-纖維水泥板(單面)-10cm,=25.19+3.66+6.31+27.38,3.25,=E9*F9,=G9,,,,,,,=H9,,,,=O9
B303,甲無障礙安全梯,17.60,,,,,,,,,,,,,,,,
B304,貯藏室,12.60,TYPE E-纖維水泥板(單面)-10cm,=3.60+2.70,5.80,=E11*F11,=G11,,,,,,,=H11,,,,=O11
B305,無障礙客梯,10.00,,,,,,,,,,,,,,,,
B201,水箱/雨水機房,169.80,,,,,,,,,,,,,,,,
B202,梯廳,25.60,TYPE E-纖維水泥板(單面)-10cm,=0.30+0.90+0.30,4.30,=E14*F14,=G14,,,,,,,=H14,,,,=O14
B203,消防機房,32.40,,,,,,,,,,,,,,,,
B204,甲無障礙安全梯,20.80,,,,,,,,,,,,,,,,
B205,無障礙客梯,10.00,,,,,,,,,,,,,,,,
B206,雨水水箱,47.80,,,,,,,,,,,,,,,,
B207,日用水箱,23.40,,,,,,,,,,,,,,,,
B208,消防水箱,8.60,,,,,,,,,,,,,,,,
B101,排風機房,28.80,,,,,,,,,,,,,,,,
B102,發電機室,42.00,,,,,,,,,,,,,,,,
B103,變電室,36.00,,,,,,,,,,,,,,,,
B104,台電配電室,27.80,,,,,,,,,,,,,,,,
B105,電信室,23.00,TYPE D1-乾式輕隔間-10cm,=0.70+0.40,4.60,=E25*F25,=G25,,,,,,,=H25,,,=O25,
B106,走廊,20.80,,,,,,,,,,,,,,,,
B107,梯廳,57.52,TYPE E-纖維水泥板(單面)-10cm,=0.70+1.00+0.30,4.50,=E27*F27,=G27,,,,,,,=H27,,,,=O27
B108,甲無障礙安全梯,21.50,,,,,,,,,,,,,,,,
B109,吊裝口挑空區,14.90,,,,,,,,,,,,,,,,
B110,無障礙客梯,10.00,,,,,,,,,,,,,,,,
B112,消防管道間,5.10,,,,,,,,,,,,,,,,
B113,管道間,,,,,,,,,,,,,,,,,
F101,大廳,45.38,TYPE D1-乾式輕隔間-10cm,=0.58+1.00+0.37,4.35,=E33*F33,=G33,,,,,,,=H33,,,=O33,
F102,甲無障礙安全梯,29.17,,,,,,,,,,,,,,,,
F103,醫務間,9.90,,,,,,,,,,,,,,,,
F104,主管室,30.04,TYPE A1-乾式輕隔間-15cm,=7.82,4.05,=E36*F36,=G36,90x220 cm,1,0.90,2.20,=J36*K36*L36,=M36,=H36-N36,=O36,,,
F105,電氣室,10.60,,,,,,,,,,,,,,,,
F106,弱電室,10.20,,,,,,,,,,,,,,,,
F107,辦公室(30人),75.81,TYPE D1-乾式輕隔間-10cm,=0.55+1.00+0.75+1.05,4.30,=E39*F39,=G39,,,,,,,=H39,,,=O39,
F107,辦公室(30人),75.81,TYPE A1-乾式輕隔間-15cm,=24.05,4.30,=E40*F40,=G40,180x210 cm,2,1.80,2.10,=J40*K40*L40,=M40,=H40-N40,=O40,,,
F108,B中型會議室,25.00,TYPE D1-乾式輕隔間-10cm,=0.65+0.95+1.05+0.65,4.30,=E41*F41,=G41,,,,,,,=H41,,,=O41,
F108,B中型會議室,25.00,TYPE A1-乾式輕隔間-15cm,=4.15,4.30,=E42*F42,=G42,180x210 cm,1,1.80,2.10,=J42*K42*L42,=M42,=H42-N42,=O42,,,
F109,樓梯B,21.75,,,,,,,,,,,,,,,,
F110,A大型會議室,53.42,TYPE A1-乾式輕隔間-15cm,=8.03+6.15,4.35,=E44*F44,=G44,180x210 cm,1,1.80,2.10,=J44*K44*L44,=M44,=H44-N44,=O44,,,
F110,A大型會議室,53.42,TYPE C-乾式輕隔間牆-15cm,=1.15+0.65,4.35,=E45*F45,=G45,60x120 cm,1,0.60,1.20,=J45*K45*L45,=M45,=H45-N45,,=O45,,
F110,A大型會議室,53.42,TYPE D1-乾式輕隔間-10cm,=0.30+1.15+1.05+0.95+1.15+0.95,4.35,=E46*F46,=G46,,,,,,,=H46,,,=O46,
F111,茶水間,8.98,,,,,,,,,,,,,,,,
F112,無障礙廁所,8.44,,,,,,,,,,,,,,,,
F113,男廁,21.80,,,,,,,,,,,,,,,,
F114,女廁,19.04,,,,,,,,,,,,,,,,
F115,排煙管道間,6.80,,,,,,,,,,,,,,,,
F116,走廊,75.84,TYPE C-乾式輕隔間牆-15cm,=1.08,3.10,=E52*F52,=G52,,,,,,,=H52,,=O52,,
F117,無障礙客梯,10.00,,,,,,,,,,,,,,,,
F118,陽台,17.70,,,,,,,,,,,,,,,,
F119,消防管道間,5.90,,,,,,,,,,,,,,,,
F201,梯廳,94.94,TYPE D1-乾式輕隔間-10cm,=0.95+1.00+0.30,3.30,=E56*F56,=G56,,,,,,,=H56,,,=O56,
F202,電氣室,10.60,,,,,,,,,,,,,,,,
F203,弱電室,10.20,,,,,,,,,,,,,,,,
F204,事務設備室,10.30,,,,,,,,,,,,,,,,
F205,統流辦公室,46.53,TYPE A1-乾式輕隔間-15cm,=0.08+2.42+5.53,3.30,=E60*F60,=G60,180x220 cm,2,1.80,2.20,=J60*K60*L60,=M60,=H60-N60,=O60,,,
F205,統流辦公室,46.53,TYPE C-乾式輕隔間牆-15cm,=1.08,3.30,=E61*F61,=G61,,,,,,,=H61,,=O61,,
F206,資訊機房,26.40,TYPE D1-乾式輕隔間-10cm,=1.00+0.95,3.30,=E62*F62,=G62,,,,,,,=H62,,,=O62,
F206,資訊機房,26.40,TYPE A1-乾式輕隔間-15cm,=7.75,3.30,=E63*F63,=G63,,,,,,,=H63,=O63,,,
F207,休息室,13.69,,,,,,,,,,,,,,,,
F208,中控室,45.13,TYPE D1-乾式輕隔間-10cm,=0.90+0.95,3.30,=E65*F65,=G65,,,,,,,=H65,,,=O65,
F208,中控室,45.13,TYPE C-乾式輕隔間牆-15cm,=0.50+1.72,3.30,=E66*F66,=G66,60x120 cm,1,0.60,1.20,=J66*K66*L66,=M66,=H66-N66,,=O66,,
F209,茶水間,8.98,,,,,,,,,,,,,,,,
F210,哺乳室,8.44,,,,,,,,,,,,,,,,
F211,男廁,20.67,,,,,,,,,,,,,,,,
F212,女廁,19.04,,,,,,,,,,,,,,,,
F213,甲無障礙安全梯,30.27,,,,,,,,,,,,,,,,
F214,樓梯B,21.60,,,,,,,,,,,,,,,,
F215,排煙管道間,6.79,,,,,,,,,,,,,,,,
F216,露臺 路口,9.22,,,,,,,,,,,,,,,,
F217,無障礙客梯,10.00,,,,,,,,,,,,,,,,
F218,戶外平台,108.76,,,,,,,,,,,,,,,,
F219,淋浴間,5.76,,,,,,,,,,,,,,,,
F220,消防管道間,5.90,,,,,,,,,,,,,,,,
R101,電梯機房,12.70,,,,,,,,,,,,,,,,
R102,排煙機房,29.50,,,,,,,,,,,,,,,,
R103,消防管道間,7.10,,,,,,,,,,,,,,,,
R104,甲無障礙安全梯,22.77,,,,,,,,,,,,,,,,
R105,水箱機房,57.27,,,,,,,,,,,,,,,,
R106,消防水箱,6.40,,,,,,,,,,,,,,,,
R107,日用水箱,17.20,,,,,,,,,,,,,,,,
R108,屋頂平台,88.35,,,,,,,,,,,,,,,,
R109,走廊,23.60,,,,,,,,,,,,,,,,
R110,排煙管道間,6.90,,,,,,,,,,,,,,,,
N/A,日用水箱,,,,,,,,,,,,,,,,,
N/A,雨水水箱,,,,,,,,,,,,,,,,,
N/A,消防水箱,,,,,,,,,,,,,,,,,
N/A,消防蓄水池,,,,,,,,,,,,,,,,,
